Format Version,1.21,Take Name,Take 2017-11-16 05.15.59 PM,Capture Frame Rate,120.000000,Export Frame Rate,120.000000,Capture Start Time,2017-11-16 05.15.59 PM,Total Frames in Take,536,Total Exported Frames,536,Rotation Type,Quaternion,Length Units,Meters,Coordinate Space,Global

,,Rigid Body,Rigid Body,Rigid Body,Rigid Body,Rigid Body,Rigid Body,Rigid Body,Rigid Body
,,wand,wand,wand,wand,wand,wand,wand,wand
,,"8392B20CF49E35732","8392B20CF49E35732","8392B20CF49E35732","8392B20CF49E35732","8392B20CF49E35732","8392B20CF49E35732","8392B20CF49E35732","8392B20CF49E35732"
,,Rotation,Rotation,Rotation,Rotation,Position,Position,Position,Error Per Marker
Frame,Time,X,Y,Z,W,X,Y,Z,
0,0.000000,0.029863,-0.047399,0.053633,-0.996988,-0.722233,1.290125,-2.191261,0.001104
1,0.008333,0.029587,-0.047577,0.053317,-0.997005,-0.722243,1.290169,-2.191122,0.001076
2,0.016667,0.029717,-0.047548,0.053233,-0.997007,-0.722218,1.289930,-2.191221,0.001106
3,0.025000,0.029632,-0.047694,0.053017,-0.997014,-0.722223,1.289824,-2.191215,0.001099
4,0.033333,0.029608,-0.047922,0.052796,-0.997015,-0.722243,1.289720,-2.191211,0.001097
5,0.041667,0.029524,-0.048077,0.052674,-0.997017,-0.722250,1.289609,-2.191181,0.001103
6,0.050000,0.029476,-0.048296,0.052366,-0.997024,-0.722237,1.289507,-2.191165,0.001105
7,0.058333,0.029508,-0.048422,0.052124,-0.997029,-0.722217,1.289343,-2.191128,0.001099
8,0.066667,0.029463,-0.048560,0.051808,-0.997041,-0.722184,1.289199,-2.191098,0.001100
9,0.075000,0.029334,-0.048780,0.051550,-0.997047,-0.722193,1.289080,-2.191066,0.001098
10,0.083333,0.029373,-0.048921,0.051295,-0.997052,-0.722166,1.288915,-2.191016,0.001100
11,0.091667,0.029295,-0.049042,0.050980,-0.997065,-0.722136,1.288770,-2.190970,0.001106
12,0.100000,0.029219,-0.049269,0.050669,-0.997072,-0.722143,1.288634,-2.190917,0.001107
13,0.108333,0.029080,-0.049546,0.050301,-0.997081,-0.722144,1.288517,-2.190859,0.001089
14,0.116667,0.028938,-0.049788,0.049922,-0.997092,-0.722121,1.288381,-2.190787,0.001087
15,0.125000,0.028761,-0.050168,0.049491,-0.997099,-0.722139,1.288266,-2.190711,0.001085
16,0.133333,0.028599,-0.050574,0.049053,-0.997105,-0.722153,1.288157,-2.190623,0.001082
17,0.141667,0.028384,-0.051092,0.048633,-0.997105,-0.722197,1.288072,-2.190523,0.001075
18,0.150000,0.028295,-0.051470,0.048080,-0.997115,-0.722190,1.287951,-2.190402,0.001056
19,0.158333,0.028269,-0.051948,0.047621,-0.997113,-0.722223,1.287812,-2.190270,0.001046
20,0.166667,0.028158,-0.052240,0.047201,-0.997121,-0.722208,1.287699,-2.190132,0.001036
21,0.175000,0.028151,-0.052863,0.047051,-0.997095,-0.722391,1.287502,-2.190009,0.001100
22,0.183333,0.028095,-0.053131,0.046516,-0.997108,-0.722418,1.287366,-2.189843,0.001108
23,0.191667,0.028157,-0.053456,0.046215,-0.997103,-0.722500,1.287210,-2.189649,0.001120
24,0.200000,0.028068,-0.053634,0.045677,-0.997120,-0.722561,1.287072,-2.189455,0.001129
25,0.208333,0.027949,-0.054327,0.045257,-0.997105,-0.722769,1.286984,-2.189126,0.001066
26,0.216667,0.027911,-0.054368,0.044625,-0.997133,-0.722877,1.286805,-2.188892,0.001085
27,0.225000,0.028130,-0.054021,0.043747,-0.997184,-0.722915,1.286465,-2.188723,0.001137
28,0.233333,0.027965,-0.053897,0.042629,-0.997244,-0.722985,1.286296,-2.188434,0.001106
29,0.241667,0.027727,-0.054021,0.041904,-0.997275,-0.723238,1.286068,-2.188206,0.001121
30,0.250000,0.027403,-0.054340,0.041126,-0.997299,-0.723597,1.285839,-2.187979,0.001119
31,0.258333,0.027068,-0.054421,0.040411,-0.997333,-0.723939,1.285561,-2.187767,0.001132
32,0.266667,0.026420,-0.054510,0.039566,-0.997379,-0.724383,1.285275,-2.187543,0.001152
33,0.275000,0.025752,-0.054810,0.039247,-0.997393,-0.725016,1.284961,-2.187312,0.001155
34,0.283333,0.025260,-0.055228,0.039359,-0.997378,-0.725787,1.284548,-2.187081,0.001109
35,0.291667,0.024833,-0.055352,0.039525,-0.997375,-0.726532,1.284033,-2.186843,0.001103
36,0.300000,0.024076,-0.055855,0.040116,-0.997342,-0.727621,1.283501,-2.186704,0.001125
37,0.308333,0.023274,-0.055791,0.040897,-0.997333,-0.728521,1.283035,-2.186448,0.001150
38,0.316667,0.022215,-0.055600,0.041494,-0.997343,-0.729479,1.282651,-2.186262,0.001175
39,0.325000,0.020870,-0.055894,0.042225,-0.997325,-0.730710,1.282385,-2.185977,0.001107
40,0.333333,0.019798,-0.056364,0.043295,-0.997275,-0.732155,1.282020,-2.185758,0.001080
41,0.341667,0.019021,-0.055534,0.044041,-0.997304,-0.733322,1.281465,-2.185578,0.001150
42,0.350000,0.018651,-0.055019,0.044867,-0.997302,-0.734676,1.280887,-2.185228,0.001127
43,0.358333,0.017440,-0.055345,0.045637,-0.997271,-0.736629,1.280431,-2.185140,0.001175
44,0.366667,0.016406,-0.055079,0.046316,-0.997272,-0.738411,1.280041,-2.184886,0.001127
45,0.375000,0.015569,-0.054027,0.046980,-0.997312,-0.740081,1.279598,-2.184616,0.001171
46,0.383333,0.014530,-0.053602,0.047185,-0.997341,-0.742081,1.279253,-2.184271,0.001118
47,0.391667,0.014004,-0.052526,0.048254,-0.997355,-0.744203,1.278650,-2.183990,0.001113
48,0.400000,0.012770,-0.052482,0.049098,-0.997333,-0.746855,1.278306,-2.183814,0.001086
49,0.408333,0.012206,-0.050227,0.049899,-0.997416,-0.748936,1.277721,-2.183504,0.001190
50,0.416667,0.010773,-0.049121,0.050507,-0.997457,-0.751508,1.277566,-2.183190,0.001148
51,0.425000,0.010112,-0.048018,0.052152,-0.997433,-0.754407,1.277036,-2.182995,0.001154
52,0.433333,0.009166,-0.046469,0.052274,-0.997509,-0.757068,1.276847,-2.182652,0.001158
53,0.441667,0.007955,-0.045602,0.054049,-0.997465,-0.760436,1.276562,-2.182433,0.001184
54,0.450000,0.007209,-0.044368,0.055307,-0.997457,-0.763592,1.276361,-2.181965,0.001084
55,0.458333,0.006535,-0.041992,0.056187,-0.997515,-0.766620,1.276130,-2.181597,0.001014
56,0.466667,0.005126,-0.040215,0.058468,-0.997466,-0.770165,1.275941,-2.181417,0.001121
57,0.475000,0.004860,-0.037936,0.059772,-0.997479,-0.773618,1.275580,-2.181143,0.001098
58,0.483333,0.004427,-0.035900,0.061850,-0.997430,-0.777480,1.275267,-2.180889,0.001200
59,0.491667,0.003160,-0.033354,0.063418,-0.997425,-0.781243,1.275296,-2.180630,0.001121
60,0.500000,0.002143,-0.031257,0.065422,-0.997366,-0.785365,1.275271,-2.180332,0.001133
61,0.508333,0.001076,-0.028677,0.066609,-0.997366,-0.789599,1.275278,-2.180202,0.001216
62,0.516667,-0.000181,-0.026137,0.068828,-0.997286,-0.793905,1.275451,-2.179809,0.001036
63,0.525000,-0.001295,-0.022761,0.069898,-0.997294,-0.798054,1.275671,-2.179721,0.001152
64,0.533333,-0.001543,-0.020139,0.071365,-0.997246,-0.802713,1.275679,-2.179651,0.001247
65,0.541667,-0.003107,-0.016385,0.072836,-0.997204,-0.807030,1.276214,-2.179337,0.001050
66,0.550000,-0.003349,-0.012957,0.073757,-0.997186,-0.811715,1.276349,-2.179253,0.001154
67,0.558333,-0.003886,-0.009719,0.074208,-0.997188,-0.816479,1.276769,-2.179221,0.001249
68,0.566667,-0.004383,-0.005978,0.075119,-0.997147,-0.821126,1.277172,-2.178926,0.001074
69,0.575000,-0.005070,-0.002461,0.076562,-0.997049,-0.826253,1.277815,-2.179046,0.001203
70,0.583333,-0.005069,0.001806,0.077738,-0.996959,-0.831182,1.278198,-2.178967,0.001108
71,0.591667,-0.004782,0.005425,0.078150,-0.996915,-0.836296,1.278623,-2.178963,0.001117
72,0.600000,-0.004877,0.008966,0.079124,-0.996813,-0.841440,1.279381,-2.178738,0.001006
73,0.608333,-0.004292,0.013625,0.079620,-0.996723,-0.846507,1.279801,-2.179008,0.001126
74,0.616667,-0.004766,0.017358,0.080503,-0.996592,-0.851945,1.280755,-2.179270,0.001163
75,0.625000,-0.004948,0.021640,0.081363,-0.996437,-0.857269,1.281577,-2.179387,0.001093
76,0.633333,-0.004698,0.025870,0.081355,-0.996338,-0.862659,1.282324,-2.179775,0.001148
77,0.641667,-0.004593,0.030836,0.081973,-0.996147,-0.868010,1.282923,-2.180091,0.001165
78,0.650000,-0.005397,0.034673,0.082807,-0.995948,-0.873664,1.283875,-2.180349,0.001049
79,0.658333,-0.005198,0.040142,0.083137,-0.995716,-0.879065,1.284467,-2.180829,0.001134
80,0.666667,-0.005608,0.044840,0.083848,-0.995453,-0.884728,1.285314,-2.181354,0.001090
81,0.675000,-0.006139,0.049577,0.083936,-0.995218,-0.890305,1.286207,-2.181841,0.001055
82,0.683333,-0.006360,0.054384,0.084617,-0.994908,-0.896019,1.287017,-2.182497,0.001091
83,0.691667,-0.006367,0.059438,0.084858,-0.994598,-0.901775,1.287806,-2.183242,0.001149
84,0.700000,-0.006667,0.065012,0.085279,-0.994211,-0.907329,1.288703,-2.183901,0.001132
85,0.708333,-0.007289,0.070116,0.085925,-0.993805,-0.913073,1.289752,-2.184746,0.001081
86,0.716667,-0.008345,0.074907,0.086377,-0.993408,-0.919035,1.290962,-2.185765,0.000990
87,0.725000,-0.008205,0.080008,0.086972,-0.992959,-0.924763,1.291884,-2.186594,0.001093
88,0.733333,-0.009143,0.085357,0.087620,-0.992448,-0.930591,1.293103,-2.187720,0.000998
89,0.741667,-0.008311,0.090635,0.087223,-0.992022,-0.936263,1.293846,-2.188489,0.001114
90,0.750000,-0.008718,0.095928,0.087756,-0.991474,-0.942031,1.295045,-2.189597,0.001111
91,0.758333,-0.009329,0.100777,0.088741,-0.990900,-0.947976,1.296372,-2.190866,0.001124
92,0.766667,-0.010093,0.106529,0.090067,-0.990171,-0.953755,1.297731,-2.192094,0.001138
93,0.775000,-0.010421,0.110647,0.090794,-0.989649,-0.959699,1.299165,-2.193273,0.001284
94,0.783333,-0.011329,0.116423,0.092265,-0.988840,-0.965411,1.300574,-2.194651,0.001100
95,0.791667,-0.012312,0.120612,0.094561,-0.988109,-0.971525,1.302383,-2.196179,0.001136
96,0.800000,-0.013164,0.125162,0.096357,-0.987358,-0.977456,1.304145,-2.197679,0.001055
97,0.808333,-0.013400,0.129626,0.098530,-0.986564,-0.983339,1.305930,-2.199208,0.001094
98,0.816667,-0.013896,0.132482,0.101222,-0.985906,-0.989704,1.307935,-2.200796,0.001099
99,0.825000,-0.015256,0.136304,0.104694,-0.985001,-0.995845,1.310265,-2.202489,0.001006
100,0.833333,-0.015907,0.139127,0.109373,-0.984087,-1.002411,1.312499,-2.204310,0.001057
101,0.841667,-0.016779,0.142472,0.114168,-0.983049,-1.008842,1.314923,-2.206076,0.001051
102,0.850000,-0.017047,0.144653,0.120385,-0.981984,-1.015764,1.317340,-2.208017,0.001130
103,0.858333,-0.018758,0.147273,0.126978,-0.980732,-1.022767,1.320323,-2.209998,0.001156
104,0.866667,-0.020175,0.150619,0.133957,-0.979266,-1.029718,1.323447,-2.211989,0.001133
105,0.875000,-0.021667,0.154619,0.140762,-0.977655,-1.036681,1.326869,-2.214015,0.001157
106,0.883333,-0.022454,0.158584,0.147399,-0.976023,-1.043866,1.330338,-2.216080,0.001138
107,0.891667,-0.023497,0.164141,0.153254,-0.974176,-1.050660,1.334299,-2.218050,0.001119
108,0.900000,-0.024875,0.169374,0.158805,-0.972355,-1.057825,1.338806,-2.220315,0.001109
109,0.908333,-0.025366,0.175112,0.163120,-0.970610,-1.064896,1.343561,-2.222541,0.001184
110,0.916667,-0.024902,0.182247,0.166269,-0.968773,-1.071574,1.348461,-2.224576,0.001179
111,0.925000,-0.024393,0.189676,0.168745,-0.966930,-1.078184,1.353781,-2.226639,0.001153
112,0.933333,-0.022734,0.197553,0.170241,-0.965129,-1.084658,1.359247,-2.228717,0.001172
113,0.941667,-0.020445,0.204323,0.171530,-0.963541,-1.091398,1.364983,-2.230877,0.001254
114,0.950000,-0.017812,0.212753,0.172292,-0.961631,-1.097522,1.371008,-2.232881,0.001253
115,0.958333,-0.014434,0.221387,0.172955,-0.959618,-1.103459,1.377116,-2.234863,0.001286
116,0.966667,-0.010643,0.229787,0.173541,-0.957585,-1.109410,1.383404,-2.236931,0.001312
117,0.975000,-0.006665,0.238188,0.173792,-0.955520,-1.115073,1.389931,-2.238904,0.001351
118,0.983333,-0.002765,0.246585,0.174219,-0.953329,-1.120569,1.396629,-2.240855,0.001298
119,0.991667,0.001126,0.254431,0.174014,-0.951306,-1.125952,1.403685,-2.242808,0.001209
120,1.000000,0.003670,0.264049,0.173352,-0.948796,-1.130483,1.411125,-2.244403,0.001081
121,1.008333,0.008451,0.272009,0.173533,-0.946481,-1.135340,1.418042,-2.246299,0.001122
122,1.016667,0.012576,0.280035,0.172789,-0.944228,-1.139768,1.425318,-2.248085,0.001116
123,1.025000,0.017429,0.288495,0.171890,-0.941765,-1.143870,1.432513,-2.249695,0.001123
124,1.033333,0.020893,0.296912,0.170768,-0.939279,-1.147429,1.440226,-2.251129,0.001034
125,1.041667,0.025038,0.303916,0.169847,-0.937102,-1.151144,1.447878,-2.252989,0.001092
126,1.050000,0.029831,0.311562,0.170018,-0.934416,-1.154414,1.455291,-2.254238,0.000938
127,1.058333,0.035350,0.317713,0.169539,-0.932237,-1.157649,1.462715,-2.255801,0.001115
128,1.066667,0.039633,0.324082,0.168336,-0.930088,-1.160379,1.470800,-2.257296,0.001088
129,1.075000,0.045020,0.330846,0.169112,-0.927316,-1.162815,1.478454,-2.257910,0.000942
130,1.083333,0.051323,0.337055,0.168278,-0.924901,-1.164878,1.485975,-2.259104,0.001041
131,1.091667,0.056169,0.342138,0.166797,-0.923020,-1.166632,1.494376,-2.260184,0.001094
132,1.100000,0.061647,0.347103,0.166386,-0.920888,-1.168109,1.502539,-2.260858,0.001073
133,1.108333,0.068358,0.352395,0.165860,-0.918496,-1.169084,1.510209,-2.261286,0.001086
134,1.116667,0.075136,0.355623,0.164978,-0.916880,-1.170130,1.518394,-2.261883,0.001079
135,1.125000,0.081200,0.359529,0.162847,-0.915219,-1.170257,1.526961,-2.262076,0.000977
136,1.133333,0.089329,0.364495,0.160519,-0.912906,-1.169876,1.534854,-2.261897,0.001131
137,1.141667,0.095890,0.367109,0.159239,-0.911416,-1.169534,1.543340,-2.261768,0.000983
138,1.150000,0.104320,0.370726,0.157041,-0.909405,-1.168447,1.551293,-2.261293,0.001205
139,1.158333,0.111827,0.369288,0.156528,-0.909187,-1.167705,1.559653,-2.261444,0.001006
140,1.166667,0.120664,0.374641,0.152879,-0.906484,-1.165557,1.567769,-2.260020,0.001180
141,1.175000,0.128647,0.375812,0.151037,-0.905209,-1.163458,1.576039,-2.259011,0.001216
142,1.183333,0.137550,0.375443,0.149449,-0.904316,-1.161321,1.583982,-2.258219,0.001255
143,1.191667,0.146346,0.377116,0.147807,-0.902507,-1.158298,1.592008,-2.256456,0.001159
144,1.200000,0.154903,0.376112,0.146520,-0.901707,-1.155336,1.599801,-2.255012,0.001300
145,1.208333,0.163168,0.374126,0.145425,-0.901254,-1.152049,1.607551,-2.253630,0.001298
146,1.216667,0.170890,0.372528,0.144586,-0.900619,-1.148237,1.615287,-2.251918,0.001283
147,1.225000,0.178936,0.370298,0.143811,-0.900100,-1.144107,1.622735,-2.249864,0.001269
148,1.233333,0.187407,0.367885,0.142463,-0.899580,-1.139541,1.630064,-2.247527,0.001267
149,1.241667,0.195605,0.364485,0.141801,-0.899323,-1.134801,1.637120,-2.245277,0.001275
150,1.250000,0.201788,0.359509,0.140474,-0.900168,-1.129850,1.644793,-2.243028,0.001177
151,1.258333,0.210809,0.353010,0.141608,-0.900495,-1.124676,1.650871,-2.240764,0.000977
152,1.266667,0.220976,0.353942,0.137060,-0.898392,-1.117586,1.656541,-2.236110,0.000708
153,1.275000,0.230664,0.352474,0.133559,-0.897061,-1.110803,1.662321,-2.232109,0.000949
154,1.283333,0.233375,0.333263,0.139571,-0.902769,-1.107495,1.669224,-2.232954,0.001624
155,1.291667,0.237576,0.328531,0.140369,-0.903284,-1.100551,1.675418,-2.229562,0.001034
156,1.300000,0.243546,0.320957,0.139231,-0.904592,-1.093723,1.681037,-2.226638,0.001063
157,1.308333,0.252208,0.323740,0.134848,-0.901887,-1.084240,1.685717,-2.221458,0.001361
158,1.316667,0.252709,0.315224,0.136980,-0.904438,-1.076705,1.691705,-2.218794,0.001260
159,1.325000,0.250185,0.321371,0.130149,-0.903985,-1.066297,1.699479,-2.211975,0.002361
160,1.333333,0.265968,0.294790,0.131951,-0.908267,-1.062194,1.700575,-2.212605,0.001726
161,1.341667,0.273303,0.291001,0.131491,-0.907378,-1.053072,1.703687,-2.208475,0.001840
162,1.350000,0.275895,0.275910,0.133436,-0.911016,-1.046670,1.708413,-2.205809,0.001312
163,1.358333,0.276834,0.268553,0.130678,-0.913327,-1.037298,1.713460,-2.202768,0.001414
164,1.366667,0.281924,0.257533,0.135962,-0.914172,-1.029365,1.716094,-2.199460,0.001260
165,1.375000,0.289816,0.248772,0.132280,-0.914670,-1.020684,1.718671,-2.195321,0.001601
166,1.383333,0.293054,0.238731,0.132898,-0.916223,-1.011890,1.721669,-2.192166,0.001493
167,1.391667,0.301344,0.228796,0.135279,-0.915720,-1.003384,1.722855,-2.187896,0.001343
168,1.400000,0.305034,0.217203,0.135774,-0.917247,-0.994625,1.725022,-2.184755,0.001467
169,1.408333,0.302627,0.207031,0.138738,-0.919949,-0.984919,1.728410,-2.182123,0.001336
170,1.416667,0.313139,0.191319,0.141086,-0.919476,-0.977563,1.728031,-2.178541,0.001746
171,1.425000,0.311499,0.186482,0.141995,-0.920886,-0.966642,1.730186,-2.174308,0.001654
172,1.433333,0.312592,0.174131,0.140471,-0.923165,-0.957033,1.732168,-2.172019,0.001288
173,1.441667,0.317975,0.163746,0.138361,-0.923545,-0.947611,1.732138,-2.168348,0.001670
174,1.450000,0.322580,0.153845,0.141070,-0.923241,-0.938231,1.731735,-2.164188,0.001324
175,1.458333,0.322365,0.142566,0.142378,-0.924924,-0.928582,1.732393,-2.161808,0.001380
176,1.466667,0.324649,0.132216,0.143637,-0.925468,-0.918805,1.732186,-2.158615,0.001390
177,1.475000,0.326499,0.119259,0.144904,-0.926379,-0.909636,1.731843,-2.155911,0.001371
178,1.483333,0.331287,0.109598,0.145901,-0.925716,-0.899837,1.730429,-2.152330,0.001368
179,1.491667,0.333131,0.097142,0.148113,-0.926094,-0.890602,1.729400,-2.149795,0.001150
180,1.500000,0.334841,0.086634,0.149752,-0.926256,-0.880974,1.728090,-2.146890,0.001183
181,1.508333,0.336061,0.074892,0.151169,-0.926608,-0.871594,1.726676,-2.144342,0.001137
182,1.516667,0.337881,0.063163,0.152572,-0.926590,-0.862373,1.724850,-2.141746,0.001038
183,1.525000,0.337929,0.051857,0.153957,-0.927045,-0.852994,1.723111,-2.139501,0.001076
184,1.533333,0.333705,0.040382,0.153560,-0.929209,-0.843258,1.722405,-2.138746,0.001328
185,1.541667,0.339996,0.029316,0.154892,-0.927120,-0.834592,1.718298,-2.134815,0.001348
186,1.550000,0.340956,0.019022,0.157207,-0.926646,-0.825401,1.715451,-2.132802,0.000998
187,1.558333,0.340232,0.009181,0.157378,-0.927033,-0.815968,1.712851,-2.131119,0.001173
188,1.566667,0.340162,-0.002349,0.158072,-0.926983,-0.807364,1.709525,-2.129142,0.001216
189,1.575000,0.339921,-0.013569,0.159006,-0.926816,-0.798935,1.705919,-2.127165,0.001233
190,1.583333,0.337982,-0.024298,0.158471,-0.927397,-0.790474,1.702251,-2.125623,0.001175
191,1.591667,0.336790,-0.035375,0.159333,-0.927326,-0.782469,1.698088,-2.123849,0.001203
192,1.600000,0.334826,-0.045740,0.160323,-0.927413,-0.774636,1.693696,-2.122237,0.001182
193,1.608333,0.332149,-0.056080,0.160805,-0.927725,-0.766963,1.689191,-2.120682,0.001211
194,1.616667,0.329075,-0.065826,0.160886,-0.928166,-0.759433,1.684389,-2.119228,0.001206
195,1.625000,0.325553,-0.075957,0.159912,-0.928802,-0.752201,1.679459,-2.117820,0.001235
196,1.633333,0.321779,-0.085523,0.158673,-0.929498,-0.745162,1.674303,-2.116576,0.001185
197,1.641667,0.317488,-0.095291,0.156322,-0.930422,-0.738362,1.669044,-2.115475,0.001181
198,1.650000,0.312681,-0.105383,0.154334,-0.931293,-0.732078,1.663814,-2.114471,0.001195
199,1.658333,0.308292,-0.114846,0.151368,-0.932123,-0.725878,1.658317,-2.113449,0.001250
200,1.666667,0.303892,-0.123705,0.148153,-0.932951,-0.719893,1.652657,-2.112487,0.001223
201,1.675000,0.299866,-0.132605,0.145061,-0.933517,-0.714330,1.646773,-2.111484,0.001236
202,1.683333,0.295513,-0.140222,0.141738,-0.934302,-0.708782,1.640818,-2.110573,0.001179
203,1.691667,0.290967,-0.148696,0.139500,-0.934755,-0.703968,1.634781,-2.109548,0.001269
204,1.700000,0.288232,-0.154531,0.135946,-0.935180,-0.698690,1.628050,-2.108505,0.001102
205,1.708333,0.282939,-0.162108,0.134434,-0.935732,-0.694503,1.621701,-2.107699,0.001207
206,1.716667,0.278729,-0.168508,0.130352,-0.936442,-0.689924,1.615030,-2.106858,0.001162
207,1.725000,0.273477,-0.174070,0.128065,-0.937288,-0.685708,1.608254,-2.106239,0.001093
208,1.733333,0.266955,-0.181366,0.126773,-0.937961,-0.682331,1.601565,-2.105549,0.001244
209,1.741667,0.261932,-0.185369,0.124273,-0.938928,-0.678204,1.594254,-2.104942,0.001096
210,1.750000,0.255137,-0.191999,0.125188,-0.939345,-0.675477,1.587040,-2.104074,0.001172
211,1.758333,0.249435,-0.195567,0.123498,-0.940364,-0.671804,1.579382,-2.103373,0.001052
212,1.766667,0.242269,-0.200340,0.122382,-0.941378,-0.668877,1.571952,-2.102931,0.001075
213,1.775000,0.235122,-0.205764,0.123457,-0.941879,-0.666678,1.564422,-2.102340,0.001107
214,1.783333,0.228174,-0.209929,0.123297,-0.942690,-0.664200,1.556745,-2.101776,0.001087
215,1.791667,0.221628,-0.211505,0.122335,-0.944024,-0.661204,1.548825,-2.101310,0.001015
216,1.800000,0.214564,-0.216025,0.122271,-0.944640,-0.659373,1.541077,-2.100809,0.001078
217,1.808333,0.207130,-0.219606,0.121312,-0.945597,-0.657298,1.533365,-2.100522,0.001108
218,1.816667,0.200884,-0.221661,0.119580,-0.946685,-0.655021,1.525214,-2.100233,0.001093
219,1.825000,0.193449,-0.224783,0.118955,-0.947576,-0.653188,1.517413,-2.100080,0.001093
220,1.833333,0.185764,-0.227611,0.117485,-0.948621,-0.651341,1.509640,-2.100155,0.001110
221,1.841667,0.179224,-0.230002,0.117699,-0.949276,-0.649647,1.501489,-2.100016,0.001090
222,1.850000,0.171713,-0.233462,0.118579,-0.949710,-0.648437,1.493646,-2.100019,0.001134
223,1.858333,0.164848,-0.235456,0.119986,-0.950258,-0.646957,1.485536,-2.100155,0.001101
224,1.866667,0.157216,-0.238527,0.122885,-0.950414,-0.645993,1.477907,-2.100287,0.001162
225,1.875000,0.149959,-0.239878,0.125773,-0.950869,-0.644538,1.469940,-2.100556,0.001147
226,1.883333,0.142876,-0.242056,0.128339,-0.951065,-0.643585,1.462193,-2.101070,0.001156
227,1.891667,0.135828,-0.245140,0.131739,-0.950843,-0.643077,1.454777,-2.101415,0.001140
228,1.900000,0.129888,-0.247637,0.134232,-0.950677,-0.642468,1.447249,-2.101633,0.001220
229,1.908333,0.123679,-0.249478,0.135786,-0.950803,-0.641880,1.439796,-2.102305,0.001274
230,1.916667,0.117375,-0.250989,0.136297,-0.951131,-0.641299,1.432549,-2.102938,0.001212
231,1.925000,0.112375,-0.252025,0.136512,-0.951430,-0.640779,1.425082,-2.103390,0.001211
232,1.933333,0.106521,-0.252817,0.136798,-0.951853,-0.640473,1.418026,-2.104046,0.001217
233,1.941667,0.100589,-0.253106,0.136898,-0.952407,-0.640144,1.411070,-2.104780,0.001248
234,1.950000,0.095013,-0.252326,0.137252,-0.953135,-0.639673,1.404109,-2.105457,0.001267
235,1.958333,0.088923,-0.252831,0.138456,-0.953415,-0.639718,1.397357,-2.106151,0.001242
236,1.966667,0.082811,-0.253892,0.140552,-0.953376,-0.639950,1.390815,-2.106767,0.001262
237,1.975000,0.076228,-0.254619,0.143516,-0.953290,-0.640217,1.384664,-2.107639,0.001260
238,1.983333,0.070718,-0.255687,0.147172,-0.952871,-0.640710,1.378461,-2.108271,0.001256
239,1.991667,0.065274,-0.257020,0.151052,-0.952294,-0.641406,1.372562,-2.108950,0.001252
240,2.000000,0.060438,-0.257979,0.154908,-0.951734,-0.642119,1.366843,-2.109550,0.001228
241,2.008333,0.055664,-0.259327,0.158283,-0.951103,-0.643014,1.361416,-2.110079,0.001241
242,2.016667,0.051975,-0.260186,0.162375,-0.950387,-0.644178,1.356100,-2.110381,0.001193
243,2.025000,0.048168,-0.260772,0.165053,-0.949966,-0.645298,1.351153,-2.110620,0.001141
244,2.033333,0.043339,-0.260662,0.165943,-0.950073,-0.646280,1.346754,-2.111123,0.001205
245,2.041667,0.039584,-0.259586,0.166882,-0.950368,-0.647312,1.342287,-2.111471,0.001234
246,2.050000,0.036251,-0.258262,0.168087,-0.950649,-0.648469,1.338046,-2.111596,0.001215
247,2.058333,0.032663,-0.257473,0.168148,-0.950982,-0.649806,1.334243,-2.111703,0.001276
248,2.066667,0.029092,-0.255237,0.169134,-0.951526,-0.651016,1.330638,-2.111775,0.001239
249,2.075000,0.025944,-0.253768,0.169712,-0.951907,-0.652467,1.327325,-2.111715,0.001257
250,2.083333,0.023115,-0.251696,0.171480,-0.952213,-0.653936,1.324288,-2.111539,0.001197
251,2.091667,0.020594,-0.250252,0.172497,-0.952468,-0.655626,1.321465,-2.111262,0.001216
252,2.100000,0.019712,-0.248940,0.174579,-0.952451,-0.657561,1.318593,-2.110674,0.001253
253,2.108333,0.017983,-0.246144,0.175145,-0.953108,-0.659032,1.316221,-2.110353,0.001235
254,2.116667,0.015228,-0.245040,0.175767,-0.953325,-0.661114,1.314754,-2.109651,0.001258
255,2.125000,0.015723,-0.242019,0.176730,-0.953911,-0.662872,1.312400,-2.108886,0.001259
256,2.133333,0.012726,-0.239093,0.175615,-0.954899,-0.664696,1.311419,-2.108252,0.001240
257,2.141667,0.011007,-0.235963,0.174688,-0.955869,-0.666578,1.310503,-2.107458,0.001257
258,2.150000,0.009779,-0.232431,0.172943,-0.957064,-0.668437,1.309454,-2.106587,0.001312
259,2.158333,0.010230,-0.228242,0.172500,-0.958146,-0.670343,1.308149,-2.105518,0.001239
260,2.166667,0.008961,-0.224133,0.171074,-0.959384,-0.672231,1.307633,-2.104552,0.001205
261,2.175000,0.008462,-0.220447,0.169975,-0.960437,-0.674377,1.307133,-2.103407,0.001322
262,2.183333,0.007783,-0.216127,0.168671,-0.961654,-0.676307,1.306757,-2.102354,0.001291
263,2.191667,0.007666,-0.212018,0.167861,-0.962711,-0.678377,1.306454,-2.101146,0.001196
264,2.200000,0.007003,-0.208270,0.167770,-0.963550,-0.680635,1.306400,-2.099952,0.001161
265,2.208333,0.006350,-0.204875,0.168098,-0.964225,-0.682920,1.306576,-2.098732,0.001257
266,2.216667,0.006876,-0.201536,0.168356,-0.964879,-0.685238,1.306488,-2.097170,0.001195
267,2.225000,0.006768,-0.198268,0.168927,-0.965457,-0.687813,1.306480,-2.095919,0.001287
268,2.233333,0.007163,-0.194631,0.169744,-0.966051,-0.690187,1.306504,-2.094465,0.001155
269,2.241667,0.006744,-0.191850,0.171381,-0.966321,-0.693099,1.306720,-2.093125,0.001311
270,2.250000,0.006967,-0.188609,0.172550,-0.966750,-0.695794,1.306873,-2.091729,0.001249
271,2.258333,0.006337,-0.184782,0.174298,-0.967179,-0.698335,1.307324,-2.090229,0.001157
272,2.266667,0.006405,-0.181204,0.175854,-0.967574,-0.701123,1.307549,-2.088766,0.001173
273,2.275000,0.006214,-0.177980,0.176861,-0.967990,-0.703922,1.307967,-2.087175,0.001118
274,2.283333,0.005929,-0.174208,0.178158,-0.968440,-0.706754,1.308416,-2.085633,0.001199
275,2.291667,0.005776,-0.169587,0.179195,-0.969070,-0.709361,1.308865,-2.084032,0.001222
276,2.300000,0.005971,-0.165513,0.179845,-0.969653,-0.712074,1.309176,-2.082308,0.001344
277,2.308333,0.006018,-0.162723,0.179384,-0.970209,-0.714992,1.310017,-2.080442,0.001287
278,2.316667,0.005934,-0.158946,0.179261,-0.970859,-0.717857,1.310830,-2.078710,0.001181
279,2.325000,0.006149,-0.154569,0.178955,-0.971620,-0.720672,1.311591,-2.076922,0.001172
280,2.333333,0.006131,-0.150641,0.179296,-0.972174,-0.723748,1.312420,-2.075083,0.001151
281,2.341667,0.006474,-0.144905,0.178832,-0.973129,-0.726395,1.313217,-2.073203,0.001106
282,2.350000,0.005795,-0.140964,0.179797,-0.973534,-0.729633,1.314359,-2.071395,0.001170
283,2.358333,0.005850,-0.135468,0.180489,-0.974186,-0.732642,1.315206,-2.069568,0.001422
284,2.366667,0.006725,-0.128994,0.180624,-0.975033,-0.735161,1.316165,-2.067757,0.001044
285,2.375000,0.007279,-0.123025,0.181269,-0.975681,-0.737914,1.317118,-2.066006,0.001025
286,2.383333,0.007674,-0.117234,0.181174,-0.976408,-0.740578,1.318266,-2.064297,0.001038
287,2.391667,0.007610,-0.111547,0.180687,-0.977165,-0.743233,1.319550,-2.062658,0.001148
288,2.400000,0.008472,-0.105203,0.178707,-0.978225,-0.745517,1.320693,-2.061163,0.001127
289,2.408333,0.008579,-0.099563,0.177404,-0.979051,-0.747945,1.322063,-2.059841,0.001075
290,2.416667,0.010492,-0.093808,0.175336,-0.979973,-0.750287,1.322980,-2.058254,0.001124
291,2.425000,0.011665,-0.087492,0.172635,-0.981023,-0.752170,1.324116,-2.056888,0.001176
292,2.433333,0.012140,-0.082445,0.169232,-0.982047,-0.754190,1.325560,-2.055649,0.001140
293,2.441667,0.014152,-0.076829,0.166338,-0.982969,-0.755989,1.326532,-2.054156,0.001138
294,2.450000,0.015849,-0.071870,0.163282,-0.983831,-0.757840,1.327552,-2.052918,0.001159
295,2.458333,0.017993,-0.067413,0.159076,-0.984798,-0.759316,1.328648,-2.051676,0.001136
296,2.466667,0.019859,-0.063045,0.157965,-0.985230,-0.761103,1.329419,-2.050368,0.001194
297,2.475000,0.022518,-0.060835,0.154962,-0.985789,-0.763158,1.330231,-2.049239,0.001233
298,2.483333,0.023796,-0.056801,0.153958,-0.986156,-0.764541,1.330952,-2.048099,0.001166
299,2.491667,0.024520,-0.054521,0.153625,-0.986319,-0.766363,1.331770,-2.047058,0.001166
300,2.500000,0.026435,-0.051292,0.152859,-0.986562,-0.767765,1.332053,-2.046021,0.001241
301,2.508333,0.027471,-0.048619,0.153501,-0.986569,-0.769193,1.332356,-2.044974,0.001252
302,2.516667,0.028162,-0.046649,0.154500,-0.986489,-0.770761,1.332658,-2.043894,0.001150
303,2.525000,0.029175,-0.044193,0.155576,-0.986404,-0.772045,1.332568,-2.042759,0.001103
304,2.533333,0.028822,-0.042849,0.157736,-0.986130,-0.773773,1.333000,-2.041818,0.001101
305,2.541667,0.029193,-0.042717,0.158928,-0.985933,-0.775656,1.333050,-2.040919,0.001207
306,2.550000,0.029124,-0.040444,0.160851,-0.985720,-0.776937,1.333062,-2.039852,0.001114
307,2.558333,0.029550,-0.038539,0.162294,-0.985547,-0.778382,1.332898,-2.038797,0.001141
308,2.566667,0.029280,-0.036726,0.164039,-0.985335,-0.779751,1.332775,-2.037838,0.001128
309,2.575000,0.029365,-0.033940,0.165217,-0.985236,-0.780938,1.332544,-2.036924,0.001186
310,2.583333,0.028303,-0.031324,0.166452,-0.985146,-0.782061,1.332519,-2.036114,0.001178
311,2.591667,0.027065,-0.029339,0.167729,-0.985025,-0.783393,1.332612,-2.035430,0.001191
312,2.600000,0.025416,-0.026770,0.168977,-0.984928,-0.784409,1.332754,-2.034757,0.001146
313,2.608333,0.024973,-0.024276,0.169847,-0.984855,-0.785499,1.332683,-2.033901,0.001149
314,2.616667,0.023994,-0.021335,0.169445,-0.985017,-0.786152,1.332795,-2.033173,0.001161
315,2.625000,0.024466,-0.019338,0.169821,-0.984981,-0.787201,1.332625,-2.032373,0.001133
316,2.633333,0.023508,-0.016560,0.169262,-0.985152,-0.787787,1.332933,-2.031767,0.001046
317,2.641667,0.023082,-0.013543,0.167187,-0.985562,-0.788009,1.333175,-2.031283,0.001055
318,2.650000,0.023835,-0.011205,0.165001,-0.985942,-0.788329,1.333251,-2.030776,0.001022
319,2.658333,0.024526,-0.009648,0.162592,-0.986341,-0.788658,1.333479,-2.030211,0.001016
320,2.666667,0.025780,-0.008252,0.159574,-0.986815,-0.788791,1.333608,-2.029738,0.001079
321,2.675000,0.027056,-0.006951,0.157141,-0.987181,-0.788804,1.333669,-2.029238,0.001068
322,2.683333,0.028322,-0.005993,0.155088,-0.987476,-0.788772,1.333698,-2.028840,0.001110
323,2.691667,0.029633,-0.005714,0.153963,-0.987616,-0.788790,1.333633,-2.028408,0.001110
324,2.700000,0.030520,-0.005898,0.153808,-0.987612,-0.788868,1.333561,-2.028028,0.001115
325,2.708333,0.031116,-0.006337,0.154186,-0.987532,-0.788962,1.333440,-2.027719,0.001125
326,2.716667,0.030906,-0.007066,0.155217,-0.987372,-0.789062,1.333408,-2.027453,0.001058
327,2.725000,0.030981,-0.007573,0.156570,-0.987152,-0.789123,1.333147,-2.027255,0.001065
328,2.733333,0.030971,-0.007959,0.157790,-0.986955,-0.789098,1.332742,-2.027097,0.001075
329,2.741667,0.030630,-0.008335,0.159176,-0.986740,-0.789125,1.332342,-2.027004,0.001085
330,2.750000,0.029954,-0.008534,0.160591,-0.986530,-0.789094,1.331957,-2.026900,0.001033
331,2.758333,0.029512,-0.008703,0.161121,-0.986455,-0.789086,1.331506,-2.026925,0.001069
332,2.766667,0.028546,-0.008843,0.161260,-0.986459,-0.788983,1.331151,-2.026950,0.001067
333,2.775000,0.027812,-0.009207,0.161080,-0.986507,-0.788906,1.330740,-2.027018,0.001079
334,2.783333,0.027361,-0.009132,0.160404,-0.986630,-0.788662,1.330243,-2.027124,0.001121
335,2.791667,0.026343,-0.009221,0.159371,-0.986824,-0.788307,1.329920,-2.027282,0.001131
336,2.800000,0.025638,-0.009974,0.158998,-0.986896,-0.788175,1.329575,-2.027325,0.001098
337,2.808333,0.025347,-0.010479,0.158648,-0.986954,-0.787972,1.329131,-2.027407,0.001097
338,2.816667,0.025069,-0.011086,0.158313,-0.987008,-0.787779,1.328752,-2.027563,0.001118
339,2.825000,0.025024,-0.012369,0.158458,-0.986971,-0.787852,1.328358,-2.027623,0.001111
340,2.833333,0.025133,-0.012762,0.158096,-0.987021,-0.787581,1.327947,-2.027783,0.001103
341,2.841667,0.025076,-0.013256,0.157760,-0.987070,-0.787327,1.327576,-2.027946,0.001109
342,2.850000,0.025062,-0.013527,0.157494,-0.987109,-0.787036,1.327177,-2.028128,0.001110
343,2.858333,0.024123,-0.013688,0.156891,-0.987226,-0.786604,1.327069,-2.028430,0.001157
344,2.866667,0.023946,-0.014577,0.157392,-0.987138,-0.786532,1.326662,-2.028645,0.001102
345,2.875000,0.024032,-0.014710,0.157654,-0.987092,-0.786318,1.326151,-2.028897,0.001154
346,2.883333,0.024382,-0.014944,0.158478,-0.986948,-0.786202,1.325585,-2.028948,0.001133
347,2.891667,0.024115,-0.015379,0.158805,-0.986896,-0.786058,1.325240,-2.029157,0.001122
348,2.900000,0.023847,-0.016010,0.159218,-0.986826,-0.786008,1.324938,-2.029353,0.001120
349,2.908333,0.023414,-0.016624,0.159235,-0.986823,-0.785910,1.324723,-2.029613,0.001124
350,2.916667,0.023096,-0.017094,0.159299,-0.986812,-0.785803,1.324468,-2.029836,0.001141
351,2.925000,0.022757,-0.017848,0.159574,-0.986762,-0.785805,1.324274,-2.030076,0.001160
352,2.933333,0.022501,-0.018425,0.159788,-0.986723,-0.785777,1.324048,-2.030290,0.001170
353,2.941667,0.021942,-0.019329,0.160031,-0.986679,-0.785830,1.323974,-2.030458,0.001135
354,2.950000,0.021730,-0.019573,0.159927,-0.986696,-0.785723,1.323800,-2.030662,0.001146
355,2.958333,0.021259,-0.019898,0.159806,-0.986719,-0.785654,1.323776,-2.030901,0.001142
356,2.966667,0.021435,-0.019743,0.159627,-0.986747,-0.785525,1.323605,-2.031139,0.001186
357,2.975000,0.021087,-0.019989,0.159477,-0.986774,-0.785485,1.323676,-2.031362,0.001183
358,2.983333,0.021099,-0.020212,0.159596,-0.986750,-0.785525,1.323700,-2.031526,0.001178
359,2.991667,0.021119,-0.020094,0.159579,-0.986755,-0.785476,1.323788,-2.031703,0.001161
360,3.000000,0.021323,-0.019945,0.159572,-0.986754,-0.785489,1.323870,-2.031824,0.001151
361,3.008333,0.021580,-0.019601,0.159429,-0.986779,-0.785474,1.323988,-2.031950,0.001140
362,3.016667,0.021663,-0.019354,0.159164,-0.986825,-0.785485,1.324207,-2.032096,0.001133
363,3.025000,0.021799,-0.018911,0.158843,-0.986882,-0.785470,1.324464,-2.032235,0.001119
364,3.033333,0.021912,-0.018344,0.158355,-0.986969,-0.785420,1.324708,-2.032358,0.001117
365,3.041667,0.021970,-0.017965,0.158076,-0.987019,-0.785443,1.324979,-2.032501,0.001103
366,3.050000,0.021861,-0.017474,0.157751,-0.987082,-0.785386,1.325330,-2.032702,0.001121
367,3.058333,0.021737,-0.017486,0.157685,-0.987095,-0.785498,1.325693,-2.032809,0.001095
368,3.066667,0.022143,-0.017239,0.157555,-0.987111,-0.785544,1.325907,-2.032926,0.001089
369,3.075000,0.022060,-0.017358,0.157363,-0.987142,-0.785602,1.326333,-2.033021,0.001027
370,3.083333,0.023163,-0.016767,0.157080,-0.987172,-0.785531,1.326397,-2.033162,0.001059
371,3.091667,0.023416,-0.017054,0.156240,-0.987294,-0.785589,1.326807,-2.033374,0.001076
372,3.100000,0.024095,-0.016444,0.155699,-0.987374,-0.785403,1.327011,-2.033592,0.001106
373,3.108333,0.024446,-0.016227,0.155320,-0.987428,-0.785300,1.327340,-2.033751,0.001107
374,3.116667,0.024657,-0.016211,0.155095,-0.987459,-0.785247,1.327695,-2.033974,0.001103
375,3.125000,0.024726,-0.016228,0.154985,-0.987474,-0.785172,1.328082,-2.034218,0.001083
376,3.133333,0.024604,-0.016284,0.154419,-0.987565,-0.785024,1.328498,-2.034548,0.001071
377,3.141667,0.024890,-0.016407,0.154006,-0.987620,-0.784905,1.328780,-2.034818,0.001080
378,3.150000,0.025241,-0.016801,0.153457,-0.987690,-0.784866,1.329060,-2.035166,0.001093
379,3.158333,0.025774,-0.016973,0.152700,-0.987791,-0.784750,1.329277,-2.035534,0.001097
380,3.166667,0.025949,-0.017497,0.151538,-0.987956,-0.784694,1.329646,-2.036080,0.001160
381,3.175000,0.026563,-0.016762,0.150461,-0.988117,-0.784321,1.329802,-2.036636,0.001197
382,3.183333,0.026740,-0.016679,0.149861,-0.988205,-0.784137,1.330076,-2.037158,0.001199
383,3.191667,0.026973,-0.016594,0.149155,-0.988307,-0.783986,1.330314,-2.037758,0.001181
384,3.200000,0.027588,-0.016811,0.148420,-0.988397,-0.783973,1.330460,-2.038365,0.001204
385,3.208333,0.028209,-0.017223,0.147663,-0.988485,-0.783940,1.330644,-2.038831,0.001167
386,3.216667,0.028697,-0.017235,0.146564,-0.988635,-0.783770,1.330810,-2.039421,0.001140
387,3.225000,0.029085,-0.017174,0.145376,-0.988800,-0.783550,1.330974,-2.040021,0.001115
388,3.233333,0.029558,-0.017973,0.143523,-0.989042,-0.783579,1.331120,-2.040810,0.001255
389,3.241667,0.030514,-0.017538,0.142567,-0.989159,-0.783286,1.330891,-2.041412,0.001268
390,3.250000,0.030710,-0.018062,0.142136,-0.989206,-0.783269,1.330833,-2.042008,0.001247
391,3.258333,0.030852,-0.018642,0.142137,-0.989191,-0.783292,1.330672,-2.042596,0.001250
392,3.266667,0.030669,-0.019145,0.142531,-0.989130,-0.783306,1.330500,-2.043228,0.001213
393,3.275000,0.030257,-0.019664,0.143165,-0.989041,-0.783372,1.330288,-2.043893,0.001191
394,3.283333,0.029429,-0.020003,0.144442,-0.988873,-0.783427,1.330027,-2.044523,0.001114
395,3.291667,0.029064,-0.020225,0.145341,-0.988748,-0.783509,1.329621,-2.045145,0.001084
396,3.300000,0.028699,-0.020645,0.146114,-0.988636,-0.783731,1.329190,-2.045784,0.001121
397,3.308333,0.028222,-0.021790,0.146510,-0.988566,-0.784212,1.328871,-2.046457,0.001205
398,3.316667,0.027434,-0.021947,0.146822,-0.988539,-0.784464,1.328558,-2.047240,0.001266
399,3.325000,0.026461,-0.022211,0.147196,-0.988504,-0.784776,1.328267,-2.047939,0.001259
400,3.333333,0.025280,-0.022372,0.147595,-0.988472,-0.785086,1.328049,-2.048580,0.001209
401,3.341667,0.024537,-0.022225,0.147918,-0.988445,-0.785348,1.327751,-2.049226,0.001164
402,3.350000,0.023049,-0.022557,0.148180,-0.988434,-0.785712,1.327758,-2.049881,0.001098
403,3.358333,0.023117,-0.021951,0.148334,-0.988423,-0.785957,1.327315,-2.050516,0.001113
404,3.366667,0.023181,-0.021506,0.148504,-0.988406,-0.786287,1.326905,-2.051143,0.001163
405,3.375000,0.022562,-0.021612,0.148575,-0.988408,-0.786640,1.326799,-2.051675,0.001136
406,3.383333,0.022326,-0.021163,0.148558,-0.988425,-0.786913,1.326637,-2.052254,0.001168
407,3.391667,0.021497,-0.021053,0.148736,-0.988419,-0.787246,1.326674,-2.052845,0.001139
408,3.400000,0.021418,-0.020249,0.148324,-0.988500,-0.787423,1.326551,-2.053478,0.001175
409,3.408333,0.021125,-0.019871,0.147595,-0.988623,-0.787679,1.326627,-2.054057,0.001203
410,3.416667,0.021031,-0.019843,0.147357,-0.988661,-0.788039,1.326714,-2.054532,0.001167
411,3.425000,0.020366,-0.020195,0.147248,-0.988684,-0.788446,1.327081,-2.054977,0.001084
412,3.433333,0.020573,-0.019616,0.147039,-0.988722,-0.788698,1.327144,-2.055483,0.001128
413,3.441667,0.023080,-0.020581,0.149166,-0.988329,-0.789668,1.326679,-2.055607,0.001123
414,3.450000,0.023548,-0.020873,0.150074,-0.988174,-0.790250,1.326844,-2.055936,0.001127
415,3.458333,0.021519,-0.019806,0.147455,-0.988636,-0.789917,1.327728,-2.056626,0.001193
416,3.466667,0.021734,-0.019718,0.148011,-0.988550,-0.790339,1.328021,-2.056942,0.001175
417,3.475000,0.021742,-0.020028,0.148529,-0.988466,-0.790852,1.328441,-2.057266,0.001141
418,3.483333,0.021975,-0.020194,0.149351,-0.988334,-0.791384,1.328822,-2.057484,0.001098
419,3.491667,0.022110,-0.020252,0.149032,-0.988378,-0.791745,1.329275,-2.057876,0.001131
420,3.500000,0.022337,-0.019882,0.148887,-0.988402,-0.792004,1.329726,-2.058153,0.001094
421,3.508333,0.022856,-0.019725,0.148919,-0.988388,-0.792399,1.330139,-2.058358,0.001078
422,3.516667,0.023703,-0.018409,0.148160,-0.988508,-0.792414,1.330368,-2.058712,0.001124
423,3.525000,0.024240,-0.017839,0.147295,-0.988635,-0.792578,1.330796,-2.058993,0.001153
424,3.533333,0.026420,-0.018198,0.148966,-0.988322,-0.793315,1.330755,-2.058954,0.001072
425,3.541667,0.026216,-0.017049,0.147491,-0.988569,-0.793040,1.331338,-2.059280,0.001089
426,3.550000,0.027185,-0.016394,0.147415,-0.988565,-0.793255,1.331616,-2.059485,0.001114
427,3.558333,0.027247,-0.016243,0.146814,-0.988655,-0.793438,1.332168,-2.059708,0.001095
428,3.566667,0.027626,-0.015613,0.146196,-0.988747,-0.793440,1.332569,-2.059890,0.001099
429,3.575000,0.027733,-0.015673,0.145323,-0.988871,-0.793608,1.333132,-2.060195,0.001195
430,3.583333,0.028269,-0.015473,0.145273,-0.988867,-0.793776,1.333501,-2.060302,0.001182
431,3.591667,0.027812,-0.014667,0.145763,-0.988820,-0.793707,1.334128,-2.060457,0.001151
432,3.600000,0.028968,-0.015129,0.145168,-0.988867,-0.793946,1.334228,-2.060535,0.001166
433,3.608333,0.029270,-0.014940,0.145013,-0.988884,-0.793960,1.334569,-2.060647,0.001163
434,3.616667,0.029553,-0.014814,0.144593,-0.988939,-0.793989,1.334923,-2.060834,0.001173
435,3.625000,0.029215,-0.014135,0.145075,-0.988888,-0.793868,1.335435,-2.060984,0.001140
436,3.633333,0.029424,-0.013946,0.145092,-0.988882,-0.793806,1.335712,-2.061100,0.001138
437,3.641667,0.029178,-0.014402,0.145500,-0.988823,-0.793887,1.336181,-2.061224,0.001125
438,3.650000,0.029245,-0.014472,0.145420,-0.988832,-0.793810,1.336485,-2.061347,0.001126
439,3.658333,0.029553,-0.014488,0.145308,-0.988839,-0.793692,1.336708,-2.061467,0.001112
440,3.666667,0.029613,-0.014731,0.145197,-0.988850,-0.793580,1.336993,-2.061570,0.001106
441,3.675000,0.029986,-0.014818,0.145115,-0.988849,-0.793409,1.337171,-2.061679,0.001118
442,3.683333,0.030329,-0.015225,0.145216,-0.988818,-0.793325,1.337337,-2.061769,0.001115
443,3.691667,0.030734,-0.015230,0.145042,-0.988831,-0.793099,1.337479,-2.061924,0.001131
444,3.700000,0.030995,-0.015622,0.145000,-0.988823,-0.792945,1.337671,-2.061997,0.001130
445,3.708333,0.031218,-0.016028,0.144971,-0.988813,-0.792796,1.337866,-2.062079,0.001119
446,3.716667,0.031416,-0.016457,0.144486,-0.988871,-0.792594,1.338093,-2.062208,0.001165
447,3.725000,0.031584,-0.016991,0.144548,-0.988848,-0.792481,1.338285,-2.062271,0.001162
448,3.733333,0.031812,-0.017390,0.144554,-0.988832,-0.792316,1.338445,-2.062323,0.001164
449,3.741667,0.031950,-0.017626,0.144496,-0.988832,-0.792080,1.338607,-2.062381,0.001184
450,3.750000,0.032119,-0.018040,0.144540,-0.988813,-0.791922,1.338782,-2.062426,0.001211
451,3.758333,0.032065,-0.018168,0.144989,-0.988747,-0.791662,1.339022,-2.062501,0.001227
452,3.766667,0.032248,-0.018449,0.145040,-0.988728,-0.791422,1.339173,-2.062520,0.001225
453,3.775000,0.032169,-0.018914,0.144664,-0.988777,-0.791124,1.339364,-2.062519,0.001220
454,3.783333,0.032408,-0.019336,0.144616,-0.988768,-0.790877,1.339475,-2.062519,0.001229
455,3.791667,0.032439,-0.019746,0.144501,-0.988776,-0.790638,1.339635,-2.062559,0.001238
456,3.800000,0.032386,-0.020167,0.144450,-0.988776,-0.790377,1.339800,-2.062581,0.001251
457,3.808333,0.032459,-0.020895,0.145078,-0.988667,-0.790369,1.339938,-2.062586,0.001220
458,3.816667,0.032780,-0.021122,0.145007,-0.988662,-0.790112,1.339969,-2.062613,0.001234
459,3.825000,0.032973,-0.021095,0.145348,-0.988606,-0.789726,1.340003,-2.062514,0.001157
460,3.833333,0.033049,-0.021180,0.145005,-0.988652,-0.789352,1.340054,-2.062516,0.001153
461,3.841667,0.033123,-0.021268,0.145212,-0.988617,-0.789070,1.340074,-2.062455,0.001110
462,3.850000,0.033151,-0.021500,0.145216,-0.988611,-0.788820,1.340130,-2.062453,0.001086
463,3.858333,0.033188,-0.021816,0.145352,-0.988583,-0.788622,1.340156,-2.062448,0.001080
464,3.866667,0.033407,-0.022256,0.145327,-0.988569,-0.788470,1.340165,-2.062441,0.001062
465,3.875000,0.033193,-0.022851,0.145434,-0.988547,-0.788335,1.340286,-2.062399,0.001010
466,3.883333,0.033319,-0.022899,0.145024,-0.988602,-0.788003,1.340291,-2.062439,0.001045
467,3.891667,0.033582,-0.023094,0.145257,-0.988554,-0.787813,1.340190,-2.062365,0.001022
468,3.900000,0.033685,-0.023331,0.145293,-0.988540,-0.787629,1.340140,-2.062351,0.001033
469,3.908333,0.033239,-0.023993,0.145308,-0.988537,-0.787493,1.340258,-2.062292,0.000971
470,3.916667,0.033179,-0.024255,0.145260,-0.988540,-0.787314,1.340225,-2.062294,0.000987
471,3.925000,0.033329,-0.024641,0.145232,-0.988529,-0.787194,1.340104,-2.062288,0.001000
472,3.933333,0.033303,-0.024819,0.144623,-0.988615,-0.786906,1.339983,-2.062295,0.001019
473,3.941667,0.033241,-0.024866,0.144643,-0.988613,-0.786644,1.339876,-2.062306,0.001039
474,3.950000,0.033404,-0.025135,0.144383,-0.988638,-0.786481,1.339682,-2.062299,0.001043
475,3.958333,0.033440,-0.025521,0.144453,-0.988617,-0.786412,1.339537,-2.062295,0.001058
476,3.966667,0.033394,-0.025673,0.144541,-0.988602,-0.786282,1.339395,-2.062301,0.001066
477,3.975000,0.033261,-0.025924,0.144558,-0.988597,-0.786208,1.339275,-2.062324,0.001063
478,3.983333,0.033212,-0.025989,0.144653,-0.988583,-0.786113,1.339102,-2.062333,0.001081
479,3.991667,0.033111,-0.026195,0.144675,-0.988578,-0.786069,1.338946,-2.062324,0.001084
480,4.000000,0.033262,-0.025995,0.144816,-0.988558,-0.785931,1.338672,-2.062361,0.001127
481,4.008333,0.033038,-0.026039,0.145034,-0.988532,-0.785908,1.338475,-2.062369,0.001121
482,4.016667,0.032770,-0.026000,0.144959,-0.988553,-0.785797,1.338295,-2.062403,0.001137
483,4.025000,0.032793,-0.025925,0.145134,-0.988529,-0.785781,1.338037,-2.062483,0.001177
484,4.033333,0.033442,-0.026100,0.145036,-0.988517,-0.785831,1.337561,-2.062352,0.001181
485,4.041667,0.033216,-0.026199,0.145128,-0.988508,-0.785843,1.337382,-2.062384,0.001179
486,4.050000,0.032187,-0.026336,0.145074,-0.988546,-0.785793,1.337494,-2.062569,0.001201
487,4.058333,0.031883,-0.026222,0.145345,-0.988519,-0.785720,1.337297,-2.062516,0.001124
488,4.066667,0.031549,-0.026218,0.145333,-0.988532,-0.785690,1.337156,-2.062587,0.001114
489,4.075000,0.031348,-0.026358,0.145365,-0.988530,-0.785734,1.337022,-2.062627,0.001114
490,4.083333,0.031349,-0.026579,0.145430,-0.988515,-0.785810,1.336849,-2.062668,0.001116
491,4.091667,0.031194,-0.026577,0.145608,-0.988493,-0.785810,1.336712,-2.062656,0.001109
492,4.100000,0.030908,-0.026739,0.145644,-0.988493,-0.785864,1.336636,-2.062716,0.001103
493,4.108333,0.030770,-0.026828,0.145646,-0.988494,-0.785904,1.336504,-2.062751,0.001103
494,4.116667,0.030662,-0.026828,0.145554,-0.988511,-0.785917,1.336346,-2.062783,0.001105
495,4.125000,0.030502,-0.026818,0.145829,-0.988476,-0.785936,1.336226,-2.062832,0.001094
496,4.133333,0.029655,-0.027661,0.146162,-0.988429,-0.786178,1.336337,-2.062814,0.001023
497,4.141667,0.030007,-0.027438,0.146108,-0.988433,-0.786210,1.336053,-2.062933,0.001074
498,4.150000,0.030115,-0.027161,0.146004,-0.988452,-0.786200,1.335833,-2.063051,0.001103
499,4.158333,0.029978,-0.027249,0.146094,-0.988441,-0.786280,1.335685,-2.063120,0.001101
500,4.166667,0.029410,-0.027681,0.146249,-0.988423,-0.786438,1.335663,-2.063184,0.001075
501,4.175000,0.029263,-0.027781,0.146369,-0.988407,-0.786527,1.335501,-2.063258,0.001079
502,4.183333,0.028866,-0.027832,0.146456,-0.988404,-0.786562,1.335402,-2.063392,0.001070
503,4.191667,0.028604,-0.028141,0.146665,-0.988372,-0.786701,1.335257,-2.063500,0.001067
504,4.200000,0.028288,-0.028406,0.146772,-0.988358,-0.786803,1.335108,-2.063628,0.001061
505,4.208333,0.027963,-0.028833,0.146923,-0.988332,-0.786960,1.334953,-2.063745,0.001078
506,4.216667,0.027611,-0.029106,0.147022,-0.988319,-0.787044,1.334787,-2.063886,0.001059
507,4.225000,0.027452,-0.029552,0.147137,-0.988293,-0.787215,1.334564,-2.063994,0.001058
508,4.233333,0.027211,-0.029814,0.147136,-0.988292,-0.787322,1.334353,-2.064103,0.001053
509,4.241667,0.026756,-0.030074,0.147236,-0.988282,-0.787428,1.334213,-2.064261,0.001061
510,4.250000,0.026322,-0.030373,0.147278,-0.988278,-0.787558,1.334092,-2.064443,0.001077
511,4.258333,0.026036,-0.030621,0.147469,-0.988250,-0.787720,1.333907,-2.064578,0.001078
512,4.266667,0.025629,-0.030827,0.148040,-0.988169,-0.787925,1.333742,-2.064712,0.001076
513,4.275000,0.025625,-0.030837,0.148269,-0.988134,-0.788093,1.333483,-2.064845,0.001108
514,4.283333,0.025515,-0.030477,0.148280,-0.988146,-0.788081,1.333292,-2.064900,0.001079
515,4.291667,0.023798,-0.030403,0.147024,-0.988379,-0.788101,1.333589,-2.065228,0.001066
516,4.300000,0.025315,-0.030746,0.148712,-0.988078,-0.788618,1.332922,-2.065151,0.001073
517,4.308333,0.025172,-0.030658,0.148756,-0.988078,-0.788783,1.332734,-2.065284,0.001073
518,4.316667,0.024994,-0.030597,0.148781,-0.988081,-0.788954,1.332576,-2.065406,0.001083
519,4.325000,0.024378,-0.030976,0.148565,-0.988117,-0.789255,1.332571,-2.065675,0.001156
520,4.333333,0.024196,-0.031010,0.148613,-0.988113,-0.789437,1.332429,-2.065765,0.001140
521,4.341667,0.024005,-0.030641,0.148859,-0.988092,-0.789530,1.332256,-2.065852,0.001103
522,4.350000,0.024121,-0.030206,0.148886,-0.988099,-0.789630,1.332026,-2.066030,0.001128
523,4.358333,0.024022,-0.030266,0.148950,-0.988090,-0.789860,1.331908,-2.066137,0.001123
524,4.366667,0.024860,-0.031325,0.149185,-0.988000,-0.790441,1.331531,-2.066134,0.001145
525,4.375000,0.024623,-0.031028,0.149212,-0.988012,-0.790526,1.331422,-2.066256,0.001144
526,4.383333,0.024508,-0.030893,0.149308,-0.988004,-0.790660,1.331307,-2.066366,0.001134
527,4.391667,0.024434,-0.030820,0.149385,-0.987997,-0.790827,1.331164,-2.066482,0.001131
528,4.400000,0.023952,-0.030486,0.149181,-0.988050,-0.790820,1.331145,-2.066671,0.001122
529,4.408333,0.023768,-0.030523,0.149335,-0.988030,-0.790973,1.331066,-2.066805,0.001136
530,4.416667,0.021820,-0.029892,0.147674,-0.988343,-0.790617,1.331484,-2.067162,0.001136
531,4.425000,0.021614,-0.029850,0.147714,-0.988343,-0.790679,1.331422,-2.067307,0.001133
532,4.433333,0.021326,-0.030033,0.147917,-0.988314,-0.790790,1.331387,-2.067447,0.001134
533,4.441667,0.021337,-0.030152,0.148038,-0.988292,-0.790875,1.331276,-2.067563,0.001117
534,4.450000,0.023175,-0.031103,0.150073,-0.987914,-0.791469,1.330685,-2.067450,0.001125
535,4.458333,0.023056,-0.031413,0.150019,-0.987915,-0.791560,1.330624,-2.067599,0.001115
